{"cameraMode":{"drawMode":0,"name":"Shaded","section":"Shading Mode"},"sceneLighting":false,"audioPlay":false,"sceneViewState":{"showFog":true,"showMaterialUpdate":false,"showSkybox":true,"showFlares":true,"showImageEffects":true,"showParticleSystems":true},"in2DMode":false,"pivot":{"x":-0.2664659023284912,"y":-2.2777183055877687,"z":1.3838790655136109},"rotation":{"x":0.2318698614835739,"y":0.04958057403564453,"z":-0.011834580451250077,"w":0.9714103937149048},"size":9.623208045959473,"orthographic":false}