{"cameraMode":{"drawMode":0,"name":"Shaded","section":"Shading Mode"},"sceneLighting":false,"audioPlay":false,"sceneViewState":{"showFog":true,"showMaterialUpdate":false,"showSkybox":true,"showFlares":true,"showImageEffects":true,"showParticleSystems":true},"in2DMode":false,"pivot":{"x":-2.9082603454589845,"y":1.0999987125396729,"z":-0.7599999904632568},"rotation":{"x":-0.10328567773103714,"y":-0.7094898819923401,"z":0.10636556893587113,"w":-0.6889431476593018},"size":3.7914116382598879,"orthographic":false}