{"cameraMode":{"drawMode":0,"name":"Shaded","section":"Shading Mode"},"sceneLighting":false,"audioPlay":false,"sceneViewState":{"showFog":true,"showMaterialUpdate":false,"showSkybox":false,"showFlares":true,"showImageEffects":true,"showParticleSystems":true},"in2DMode":false,"pivot":{"x":-13.647797584533692,"y":-4.428774833679199,"z":-1.9572418928146363},"rotation":{"x":0.30906030535697939,"y":0.24339181184768678,"z":-0.08215677738189697,"w":0.9157277941703796},"size":2.5427961349487306,"orthographic":false}